date,nav,cumulative_return,cumulative_return_pct,portfolio_measure,currency
2026-01-01,2065.659382531,-0.00006772,-0.0068,TWR,USD
2026-01-02,2051.9064350604,-0.00672517,-0.6725,TWR,USD
2026-01-05,2074.0198511145,0.00397937,0.3979,TWR,USD
2026-01-06,2045.7172880557,-0.00972117,-0.9721,TWR,USD
2026-01-07,2043.4516125252,-0.01081793,-1.0818,TWR,USD
2026-01-08,2046.0886391167,-0.00954141,-0.9541,TWR,USD
2026-01-09,2074.7014316675,0.0043093,0.4309,TWR,USD
2026-01-12,2083.5385486878004,0.00858712,0.8587,TWR,USD
2026-01-13,2078.3184582589,0.00606021,0.6060,TWR,USD
2026-01-14,2051.5556657080997,-0.00689496,-0.6895,TWR,USD
2026-01-15,2054.107107198,-0.00565988,-0.5660,TWR,USD
2026-01-16,2050.7985486878,-0.00726146,-0.7261,TWR,USD
2026-01-19,2050.7985486878,-0.00726146,-0.7261,TWR,USD
2026-01-20,1992.7227827284,-0.03537444,-3.5374,TWR,USD
2026-01-21,2030.897107198,-0.01689524,-1.6895,TWR,USD
2026-01-22,2074.4585486878,0.00419173,0.4192,TWR,USD
2026-01-23,2077.1285486878,0.00548421,0.5484,TWR,USD
2026-01-26,2053.6856657081003,-0.00586389,-0.5864,TWR,USD
2026-01-27,2054.3127827283997,-0.00556031,-0.5560,TWR,USD
2026-01-28,2059.0070167691,-0.00328796,-0.3288,TWR,USD
2026-01-29,2022.69836783,-0.02086404,-2.0864,TWR,USD
2026-01-30,2037.8081869723,-0.01354976,-1.3550,TWR,USD
2026-02-02,2027.7753944215,-0.01840638,-1.8406,TWR,USD
2026-02-03,2011.9896284621,-0.02604786,-2.6048,TWR,USD
2026-02-04,1962.2510699519999,-0.05012501,-5.0125,TWR,USD
2026-02-05,1930.0067454824,-0.06573365,-6.5734,TWR,USD
2026-02-06,1979.0581869723,-0.04198912,-4.1989,TWR,USD
2026-02-09,2639.3353039925996,-0.03449833,-3.4498,TWR,USD
2026-02-10,2641.0779748854,-0.03386084,-3.3861,TWR,USD
2026-02-11,2641.4465556495998,-0.03372601,-3.3726,TWR,USD
2026-02-12,2590.5722979424,-0.05233645,-5.2336,TWR,USD
2026-02-13,2593.5722979424,-0.05123901,-5.1239,TWR,USD
2026-02-16,2593.5808787067,-0.05123587,-5.1236,TWR,USD
2026-02-17,2574.0008787067,-0.05839848,-5.8398,TWR,USD
2026-02-18,2587.3980402352,-0.05349763,-5.3498,TWR,USD
2026-02-19,2583.2180402352,-0.05502673,-5.5027,TWR,USD
2026-02-20,2593.0294594709,-0.05143759,-5.1438,TWR,USD
2026-02-23,2690.0515544211,-0.06951428,-6.9514,TWR,USD
2026-02-24,2729.1645432605,-0.05598515,-5.5985,TWR,USD
2026-02-25,2777.3657666176,-0.0393124,-3.9312,TWR,USD
2026-02-26,2735.5492374213,-0.05377669,-5.3777,TWR,USD
2026-02-27,2702.1645432605,-0.06532442,-6.5324,TWR,USD
2026-03-02,3227.8551549391,-0.06116794,-6.1168,TWR,USD
2026-03-03,3198.4437184383005,-0.06972236,-6.9722,TWR,USD
2026-03-04,3246.9169899746003,-0.05562375,-5.5624,TWR,USD
2026-03-05,3248.3963782961,-0.05519346,-5.5193,TWR,USD
2026-03-06,3204.2945432605,-0.06802062,-6.8021,TWR,USD
2026-03-09,3229.9104607783,-0.06057015,-6.0570,TWR,USD
2026-03-10,3229.913931582,-0.06056914,-6.0569,TWR,USD
2026-03-11,3245.5833199034996,-0.05601165,-5.6012,TWR,USD
2026-03-12,3188.842708225,-0.07251484,-7.2515,TWR,USD
2026-03-13,3162.8420965465,-0.0800772,-8.0077,TWR,USD
2026-03-16,3196.6862691894003,-0.07023352,-7.0234,TWR,USD
2026-03-17,3206.9832107968,-0.06723862,-6.7239,TWR,USD
2026-03-18,3165.9919874398,-0.07916105,-7.9161,TWR,USD
2026-03-19,3127.7036541539,-0.09029733,-9.0297,TWR,USD
2026-03-20,3086.1589599931,-0.10238074,-10.2381,TWR,USD
2026-03-23,3116.6736541539,-0.09350544,-9.3505,TWR,USD
2026-03-24,3094.337129225,-0.10000209,-10.0002,TWR,USD
2026-03-25,3110.0112101354002,-0.09544324,-9.5443,TWR,USD
2026-03-26,3404.9115400642004,-0.11184612,-11.1846,TWR,USD
2026-03-27,3354.0918699931003,-0.12510217,-12.5102,TWR,USD
2026-03-30,3341.1186466361,-0.12848617,-12.8486,TWR,USD
2026-03-31,3433.0055057613,-0.10451795,-10.4518,TWR,USD
2026-04-01,3447.2287291183,-0.1008079,-10.0808,TWR,USD
2026-04-02,3464.375423279,-0.09633527,-9.6335,TWR,USD
2026-04-03,3464.5220349576,-0.09629703,-9.6297,TWR,USD
2026-04-06,3469.0687291183003,-0.09511104,-9.5111,TWR,USD
2026-04-07,3470.4986466361006,-0.09473806,-9.4738,TWR,USD
2026-04-08,3517.1351758324,-0.08257316,-8.2573,TWR,USD
2026-04-09,3530.4385641539,-0.07910303,-7.9103,TWR,USD
2026-04-10,3554.3317875108996,-0.07287061,-7.2871,TWR,USD
2026-04-13,3588.6323321893997,-0.06392349,-6.3923,TWR,USD
2026-04-14,3657.0958029931,-0.04606514,-4.6065,TWR,USD
2026-04-15,3692.1724971539,-0.03691556,-3.6916,TWR,USD
2026-04-16,3688.8920847428,-0.03777124,-3.7771,TWR,USD
2026-04-17,3745.4057205109,-0.02302994,-2.3030,TWR,USD
2026-04-20,3743.5423321894,-0.023516,-2.3516,TWR,USD
2026-04-21,3709.1923321893996,-0.03247602,-3.2476,TWR,USD
2026-04-22,4074.2360420301998,-0.01035101,-1.0351,TWR,USD
2026-04-23,3934.0389624515,-0.04440547,-4.4405,TWR,USD
2026-04-24,4380.7516613983,0.06410292,6.4103,TWR,USD
2026-04-27,3765.0172807664,-0.08546154,-8.5462,TWR,USD
2026-04-28,3731.4188381876,-0.09362274,-9.3623,TWR,USD
2026-04-29,3545.4159177664005,-0.13880363,-13.8804,TWR,USD
2026-04-30,3484.3975994515,-0.15362524,-15.3625,TWR,USD
2026-05-01,3492.5717586089,-0.1516397,-15.1640,TWR,USD
2026-05-04,3472.7661392408,-0.15645057,-15.6451,TWR,USD
2026-05-05,3662.8473779769997,-0.11027904,-11.0279,TWR,USD
2026-05-06,5297.5821341876,-0.08097989,-8.0980,TWR,USD
2026-05-07,5338.733735240799,-0.07384095,-7.3841,TWR,USD
2026-05-08,5564.0916565047,-0.03474604,-3.4746,TWR,USD
2026-05-11,6073.577976715301,0.05363921,5.3639,TWR,USD
2026-05-12,14655.5563132704,0.04623896,4.6239,TWR,USD
2026-05-13,14691.074402172999,0.04877454,4.8775,TWR,USD
2026-05-14,14969.8523800948,0.0686761,6.8676,TWR,USD
2026-05-15,14654.564102172999,0.04616813,4.6168,TWR,USD
2026-05-18,14476.414102173001,0.03345026,3.3450,TWR,USD
2026-05-19,14203.666949575301,0.01397923,1.3979,TWR,USD
2026-05-20,14494.0269495753,0.03470761,3.4708,TWR,USD
2026-05-21,14425.7415190557,0.02983281,2.9833,TWR,USD
2026-05-22,14340.800658016598,0.02376901,2.3769,TWR,USD
2026-05-25,14340.8460885362,0.02377225,2.3772,TWR,USD
2026-05-26,14161.3097969775,0.01095541,1.0955,TWR,USD
2026-05-27,14043.6389055362,0.00255506,0.2555,TWR,USD
2026-05-28,14385.7343360557,0.02697676,2.6977,TWR,USD
2026-05-29,14830.167168458,0.05870417,5.8704,TWR,USD
2026-06-01,15244.075565638399,0.0882525,8.8253,TWR,USD
2026-06-02,14812.460996458001,0.05744016,5.7440,TWR,USD
2026-06-03,14366.300996458,0.02558944,2.5589,TWR,USD
2026-06-04,14454.1692987362,0.03186223,3.1862,TWR,USD
2026-06-05,13982.0247295557,-0.00184349,-0.1843,TWR,USD
2026-06-08,14011.751087458,0.00027864,0.0279,TWR,USD
2026-06-09,13941.0663056384,-0.00476745,-0.4767,TWR,USD
2026-06-10,15436.1971672775,-0.00709525,-0.7095,TWR,USD
2026-06-11,16636.1771672775,-0.00401261,-0.4013,TWR,USD
2026-06-12,16867.583938097097,0.00984143,0.9841,TWR,USD
2026-06-15,17575.622538736203,0.05223083,5.2231,TWR,USD
2026-06-16,25909.287969555702,0.06595847,6.5958,TWR,USD
2026-06-17,25275.854232097103,0.03989778,3.9898,TWR,USD
2026-06-18,25716.555120458,0.05802907,5.8029,TWR,USD
2026-06-19,25716.555120458,0.05802907,5.8029,TWR,USD
2026-06-22,23992.8404973602,-0.0128879,-1.2888,TWR,USD
2026-06-23,23060.495066540698,-0.0512464,-5.1246,TWR,USD
2026-06-24,22832.7304973602,-0.06061708,-6.0617,TWR,USD
2026-06-25,22350.3605865407,-0.08046272,-8.0463,TWR,USD
2026-06-26,21536.8597249016,-0.11393172,-11.3932,TWR,USD
2026-06-29,22958.2789125407,-0.05545178,-5.5452,TWR,USD
2026-06-30,23510.7371892625,-0.03272257,-3.2723,TWR,USD
2026-07-01,23425.8917584429,-0.03621327,-3.6213,TWR,USD
2026-07-02,23080.892620082,-0.05040721,-5.0407,TWR,USD
2026-07-03,23080.6371892625,-0.05041772,-5.0418,TWR,USD
2026-07-06,23692.007189262502,-0.02526477,-2.5265,TWR,USD
2026-07-07,23260.0820869016,-0.04303501,-4.3035,TWR,USD
2026-07-08,23472.6438101798,-0.0342898,-3.4290,TWR,USD
2026-07-09,23108.4263950971,-0.04927442,-4.9274,TWR,USD
2026-07-10,23602.093810179802,-0.02896398,-2.8964,TWR,USD
2026-07-13,22684.3201026384,-0.06672297,-6.6723,TWR,USD
2026-07-14,24051.6019396384,-0.01047034,-1.0470,TWR,USD
2026-07-15,24695.7910779993,0.01603285,1.6033,TWR,USD
2026-07-16,23308.660216360197,-0.04103641,-4.1036,TWR,USD
2026-07-17,22370.6902163602,-0.07962632,-7.9626,TWR,USD
2026-07-20,22831.3747855407,-0.06067286,-6.0673,TWR,USD
2026-07-21,22887.935323901598,-0.05834585,-5.8346,TWR,USD
2026-07-22,22908.6407547211,-0.05749399,-5.7494,TWR,USD
2026-07-23,20638.060754721097,-0.15091006,-15.0910,TWR,USD
2026-07-24,20286.699893082,-0.16536573,-16.5366,TWR,USD
2026-07-27,20816.2898,-0.14357737,-14.3577,TWR,USD
